ID,VERSION,AGENCYID,ISFINAL,XMLNS,NAME.XML_LANG,NAME.TEXT,KEYFAMILYREF.KEYFAMILYID,KEYFAMILYREF.KEYFAMILYAGENCYID,DESCRIPTION.XML_LANG,DESCRIPTION.TEXT
DS-AFRREO,1.0,IMF,true,http://www.SDMX.org/resources/SDMXML/schemas/v2_0/structure,en,Sub-Saharan Africa Regional Economic Outlook (AFRREO),AFRREO,IMF,,
DS-AFRREO201410,1.0,IMF,true,http://www.SDMX.org/resources/SDMXML/schemas/v2_0/structure,en,Sub-Saharan Africa Regional Economic Outlook (AFRREO) October 2014,AFRREO201410,IMF,,
DS-AFRREO201504,1.0,IMF,true,http://www.SDMX.org/resources/SDMXML/schemas/v2_0/structure,en,Sub-Saharan Africa Regional Economic Outlook (AFRREO) April 2015,AFRREO201504,IMF,,
DS-AFRREO201510,1.0,IMF,true,http://www.SDMX.org/resources/SDMXML/schemas/v2_0/structure,en,Sub-Saharan Africa Regional Economic Outlook (AFRREO) October 2015,AFRREO201510,IMF,,
DS-AFRREO201604,1.0,IMF,true,http://www.SDMX.org/resources/SDMXML/schemas/v2_0/structure,en,Sub-Saharan Africa Regional Economic Outlook (AFRREO) April 2016,AFRREO201604,IMF,,
DS-AFRREO201610,1.0,IMF,true,http://www.SDMX.org/resources/SDMXML/schemas/v2_0/structure,en,Sub-Saharan Africa Regional Economic Outlook (AFRREO) October 2016,AFRREO201610,IMF,,
DS-AFRREO201704,1.0,IMF,true,http://www.SDMX.org/resources/SDMXML/schemas/v2_0/structure,en,Sub-Saharan Africa Regional Economic Outlook (AFRREO) April 2017,AFRREO201704,IMF,,
DS-AFRREO201710,1.0,IMF,true,http://www.SDMX.org/resources/SDMXML/schemas/v2_0/structure,en,Sub-Saharan Africa Regional Economic Outlook (AFRREO) October 2017,AFRREO201710,IMF,,
DS-AFRREO201804,1.0,IMF,true,http://www.SDMX.org/resources/SDMXML/schemas/v2_0/structure,en,Sub-Saharan Africa Regional Economic Outlook (AFRREO) April 2018,AFRREO201804,IMF,,
DS-AFRREO201810,1.0,IMF,true,http://www.SDMX.org/resources/SDMXML/schemas/v2_0/structure,en,Sub-Saharan Africa Regional Economic Outlook (AFRREO) October 2018,AFRREO201810,IMF,,
DS-AFRREO201904,1.0,IMF,true,http://www.SDMX.org/resources/SDMXML/schemas/v2_0/structure,en,Sub-Saharan Africa Regional Economic Outlook (AFRREO) April 2019,AFRREO201904,IMF,,
DS-AFRREO201910,1.0,IMF,true,http://www.SDMX.org/resources/SDMXML/schemas/v2_0/structure,en,Sub-Saharan Africa Regional Economic Outlook (AFRREO) October 2019,AFRREO201910,IMF,,
DS-AFRREO202004,1.0,IMF,true,http://www.SDMX.org/resources/SDMXML/schemas/v2_0/structure,en,Sub-Saharan Africa Regional Economic Outlook (AFRREO) April 2020,AFRREO202004,IMF,,
DS-AFRREO202010,1.0,IMF,true,http://www.SDMX.org/resources/SDMXML/schemas/v2_0/structure,en,Sub-Saharan Africa Regional Economic Outlook (AFRREO) October 2020,AFRREO202010,IMF,,
DS-APDREO,1.0,IMF,true,http://www.SDMX.org/resources/SDMXML/schemas/v2_0/structure,en,Asia and Pacific Regional Economic Outlook (APDREO),APDREO,IMF,,
DS-APDREO201410,1.0,IMF,true,http://www.SDMX.org/resources/SDMXML/schemas/v2_0/structure,en,Asia and Pacific Regional Economic Outlook (APDREO) October 2014,APDREO201410,IMF,,
DS-APDREO201504,1.0,IMF,true,http://www.SDMX.org/resources/SDMXML/schemas/v2_0/structure,en,Asia and Pacific Regional Economic Outlook (APDREO) April 2015,APDREO201504,IMF,,
DS-APDREO201510,1.0,IMF,true,http://www.SDMX.org/resources/SDMXML/schemas/v2_0/structure,en,Asia and Pacific Regional Economic Outlook (APDREO) October 2015,APDREO201510,IMF,,
DS-APDREO201604,1.0,IMF,true,http://www.SDMX.org/resources/SDMXML/schemas/v2_0/structure,en,Asia and Pacific Regional Economic Outlook (APDREO) April 2016,APDREO201604,IMF,,
DS-APDREO201610,1.0,IMF,true,http://www.SDMX.org/resources/SDMXML/schemas/v2_0/structure,en,Asia and Pacific Regional Economic Outlook (APDREO) October 2016,APDREO201610,IMF,,
DS-APDREO201710,1.0,IMF,true,http://www.SDMX.org/resources/SDMXML/schemas/v2_0/structure,en,Asia and Pacific Regional Economic Outlook (APDREO) October 2017,APDREO201710,IMF,,
DS-APDREO2017M04,1.0,IMF,true,http://www.SDMX.org/resources/SDMXML/schemas/v2_0/structure,en,Asia and Pacific Regional Economic Outlook (APDREO) April 2017,APDREO2017M04,IMF,,
DS-APDREO201804,1.0,IMF,true,http://www.SDMX.org/resources/SDMXML/schemas/v2_0/structure,en,Asia and Pacific Regional Economic Outlook (APDREO) April 2018,APDREO201804,IMF,,
DS-APDREO201810,1.0,IMF,true,http://www.SDMX.org/resources/SDMXML/schemas/v2_0/structure,en,Asia and Pacific Regional Economic Outlook (APDREO) October 2018,APDREO201810,IMF,,
DS-APDREO201904,1.0,IMF,true,http://www.SDMX.org/resources/SDMXML/schemas/v2_0/structure,en,Asia and Pacific Regional Economic Outlook (APDREO) April 2019,APDREO201904,IMF,,
DS-APDREO201910,1.0,IMF,true,http://www.SDMX.org/resources/SDMXML/schemas/v2_0/structure,en,Asia and Pacific Regional Economic Outlook (APDREO) October 2019,APDREO201910,IMF,,
DS-APDREO202010,1.0,IMF,true,http://www.SDMX.org/resources/SDMXML/schemas/v2_0/structure,en,Asia and Pacific Regional Economic Outlook (APDREO) October 2020,APDREO202010,IMF,,
DS-BOP,1.0,IMF,true,http://www.SDMX.org/resources/SDMXML/schemas/v2_0/structure,en,Balance of Payments (BOP),BOP,IMF,,
DS-BOPAGG,1.0,IMF,true,http://www.SDMX.org/resources/SDMXML/schemas/v2_0/structure,en,"Balance of Payments (BOP), World and Regional Aggregates",BOPAGG,IMF,,
DS-BOPAGG_2016,1.0,IMF,true,http://www.SDMX.org/resources/SDMXML/schemas/v2_0/structure,en,"Balance of Payments (BOP), World and Regional Aggregates, 2016",BOPAGG_2016,IMF,,
DS-BOPAGG_2017,1.0,IMF,true,http://www.SDMX.org/resources/SDMXML/schemas/v2_0/structure,en,"Balance of Payments (BOP), World and Regional Aggregates, 2017",BOPAGG_2017,IMF,,
DS-BOPAGG_2018,1.0,IMF,true,http://www.SDMX.org/resources/SDMXML/schemas/v2_0/structure,en,"Balance of Payments (BOP), World and Regional Aggregates, 2018",BOPAGG_2018,IMF,en,archive (11/20/2018 9:25:21 AM)
DS-BOPAGG_2019,1.0,IMF,true,http://www.SDMX.org/resources/SDMXML/schemas/v2_0/structure,en,"Balance of Payments (BOP), World and Regional Aggregates, 2019",BOPAGG_2019,IMF,,
DS-BOPAGG_2020,1.0,IMF,true,http://www.SDMX.org/resources/SDMXML/schemas/v2_0/structure,en,"Balance of Payments (BOP), World and Regional Aggregates, 2020",BOPAGG_2020,IMF,,
DS-BOPSDMXUSD,1.0,IMF,true,http://www.SDMX.org/resources/SDMXML/schemas/v2_0/structure,en,"Balance of Payments (BOP), Global SDMX (US Dollars)",BOPSDMXUSD,IMF,,
DS-BOP_2017M06,1.0,IMF,true,http://www.SDMX.org/resources/SDMXML/schemas/v2_0/structure,en,"Balance of Payments (BOP), 2017 M06",BOP_2017M06,IMF,,
DS-BOP_2017M07,1.0,IMF,true,http://www.SDMX.org/resources/SDMXML/schemas/v2_0/structure,en,"Balance of Payments (BOP), 2017 M07",BOP_2017M07,IMF,,
DS-BOP_2017M08,1.0,IMF,true,http://www.SDMX.org/resources/SDMXML/schemas/v2_0/structure,en,"Balance of Payments (BOP), 2017 M08",BOP_2017M08,IMF,,
DS-BOP_2017M09,1.0,IMF,true,http://www.SDMX.org/resources/SDMXML/schemas/v2_0/structure,en,"Balance of Payments (BOP), 2017 M09",BOP_2017M09,IMF,,
DS-BOP_2017M10,1.0,IMF,true,http://www.SDMX.org/resources/SDMXML/schemas/v2_0/structure,en,"Balance of Payments (BOP), 2017 M10",BOP_2017M10,IMF,,
DS-BOP_2017M11,1.0,IMF,true,http://www.SDMX.org/resources/SDMXML/schemas/v2_0/structure,en,"Balance of Payments (BOP), 2017 M11",BOP_2017M11,IMF,,
DS-BOP_2017M12,1.0,IMF,true,http://www.SDMX.org/resources/SDMXML/schemas/v2_0/structure,en,"Balance of Payments (BOP), 2017 M12",BOP_2017M12,IMF,,
DS-BOP_2018M01,1.0,IMF,true,http://www.SDMX.org/resources/SDMXML/schemas/v2_0/structure,en,"Balance of Payments (BOP), 2018 M01",BOP_2018M01,IMF,,
DS-BOP_2018M02,1.0,IMF,true,http://www.SDMX.org/resources/SDMXML/schemas/v2_0/structure,en,"Balance of Payments (BOP), 2018 M02",BOP_2018M02,IMF,,
DS-BOP_2018M03,1.0,IMF,true,http://www.SDMX.org/resources/SDMXML/schemas/v2_0/structure,en,"Balance of Payments (BOP), 2018 M03",BOP_2018M03,IMF,,
DS-BOP_2018M04,1.0,IMF,true,http://www.SDMX.org/resources/SDMXML/schemas/v2_0/structure,en,"Balance of Payments (BOP), 2018 M04",BOP_2018M04,IMF,,
DS-BOP_2018M05,1.0,IMF,true,http://www.SDMX.org/resources/SDMXML/schemas/v2_0/structure,en,"Balance of Payments (BOP), 2018 M05",BOP_2018M05,IMF,,
DS-BOP_2018M06,1.0,IMF,true,http://www.SDMX.org/resources/SDMXML/schemas/v2_0/structure,en,"Balance of Payments (BOP), 2018 M06",BOP_2018M06,IMF,,
DS-BOP_2018M07,1.0,IMF,true,http://www.SDMX.org/resources/SDMXML/schemas/v2_0/structure,en,"Balance of Payments (BOP), 2018 M07",BOP_2018M07,IMF,,
DS-BOP_2018M08,1.0,IMF,true,http://www.SDMX.org/resources/SDMXML/schemas/v2_0/structure,en,"Balance of Payments (BOP), 2018 M08",BOP_2018M08,IMF,,
DS-BOP_2018M09,1.0,IMF,true,http://www.SDMX.org/resources/SDMXML/schemas/v2_0/structure,en,"Balance of Payments (BOP), 2018 M09",BOP_2018M09,IMF,,
DS-BOP_2018M10,1.0,IMF,true,http://www.SDMX.org/resources/SDMXML/schemas/v2_0/structure,en,"Balance of Payments (BOP), 2018 M10",BOP_2018M10,IMF,,
DS-BOP_2018M11,1.0,IMF,true,http://www.SDMX.org/resources/SDMXML/schemas/v2_0/structure,en,"Balance of Payments (BOP), 2018 M11 ",BOP_2018M11,IMF,en,archive (10/25/2018 7:46:45 AM)
DS-BOP_2018M12,1.0,IMF,true,http://www.SDMX.org/resources/SDMXML/schemas/v2_0/structure,en,"Balance of Payments (BOP), 2018 M12",BOP_2018M12,IMF,,
DS-BOP_2019M1,1.0,IMF,true,http://www.SDMX.org/resources/SDMXML/schemas/v2_0/structure,en,"Balance of Payments (BOP), 2019 M01",BOP_2019M1,IMF,,
DS-BOP_2019M10,1.0,IMF,true,http://www.SDMX.org/resources/SDMXML/schemas/v2_0/structure,en,"Balance of Payments (BOP), 2019 M10",BOP_2019M10,IMF,,
DS-BOP_2019M11,1.0,IMF,true,http://www.SDMX.org/resources/SDMXML/schemas/v2_0/structure,en,"Balance of Payments (BOP), 2019 M11",BOP_2019M11,IMF,,
DS-BOP_2019M12,1.0,IMF,true,http://www.SDMX.org/resources/SDMXML/schemas/v2_0/structure,en,"Balance of Payments (BOP), 2019 M12",BOP_2019M12,IMF,,
DS-BOP_2019M2,1.0,IMF,true,http://www.SDMX.org/resources/SDMXML/schemas/v2_0/structure,en,"Balance of Payments (BOP), 2019 M02",BOP_2019M2,IMF,,
DS-BOP_2019M3,1.0,IMF,true,http://www.SDMX.org/resources/SDMXML/schemas/v2_0/structure,en,"Balance of Payments (BOP), 2019 M03",BOP_2019M3,IMF,,
DS-BOP_2019M4,1.0,IMF,true,http://www.SDMX.org/resources/SDMXML/schemas/v2_0/structure,en,"Balance of Payments (BOP), 2019 M04",BOP_2019M4,IMF,,
DS-BOP_2019M5,1.0,IMF,true,http://www.SDMX.org/resources/SDMXML/schemas/v2_0/structure,en,"Balance of Payments (BOP), 2019 M05",BOP_2019M5,IMF,,
DS-BOP_2019M6,1.0,IMF,true,http://www.SDMX.org/resources/SDMXML/schemas/v2_0/structure,en,"Balance of Payments (BOP), 2019 M06",BOP_2019M6,IMF,,
DS-BOP_2019M7,1.0,IMF,true,http://www.SDMX.org/resources/SDMXML/schemas/v2_0/structure,en,"Balance of Payments (BOP), 2019 M07",BOP_2019M7,IMF,,
DS-BOP_2019M8,1.0,IMF,true,http://www.SDMX.org/resources/SDMXML/schemas/v2_0/structure,en,"Balance of Payments (BOP), 2019 M08",BOP_2019M8,IMF,,
DS-BOP_2019M9,1.0,IMF,true,http://www.SDMX.org/resources/SDMXML/schemas/v2_0/structure,en,"Balance of Payments (BOP), 2019 M09",BOP_2019M9,IMF,,
DS-BOP_2020M02,1.0,IMF,true,http://www.SDMX.org/resources/SDMXML/schemas/v2_0/structure,en,"Balance of Payments (BOP), 2021 M02",BOP_2020M02,IMF,,
DS-BOP_2020M04,1.0,IMF,true,http://www.SDMX.org/resources/SDMXML/schemas/v2_0/structure,en,"Balance of Payments (BOP), 2020 M04",BOP_2020M04,IMF,,
DS-BOP_2020M05,1.0,IMF,true,http://www.SDMX.org/resources/SDMXML/schemas/v2_0/structure,en,"Balance of Payments (BOP), 2020 M05",BOP_2020M05,IMF,,
DS-BOP_2020M06,1.0,IMF,true,http://www.SDMX.org/resources/SDMXML/schemas/v2_0/structure,en,"Balance of Payments (BOP), 2020 M06",BOP_2020M06,IMF,,
DS-BOP_2020M07,1.0,IMF,true,http://www.SDMX.org/resources/SDMXML/schemas/v2_0/structure,en,"Balance of Payments (BOP), 2020 M07",BOP_2020M07,IMF,,
DS-BOP_2020M08,1.0,IMF,true,http://www.SDMX.org/resources/SDMXML/schemas/v2_0/structure,en,"Balance of Payments (BOP), 2020 M08",BOP_2020M08,IMF,,
DS-BOP_2020M09,1.0,IMF,true,http://www.SDMX.org/resources/SDMXML/schemas/v2_0/structure,en,"Balance of Payments (BOP), 2020 M09",BOP_2020M09,IMF,,
DS-BOP_2020M1,1.0,IMF,true,http://www.SDMX.org/resources/SDMXML/schemas/v2_0/structure,en,"Balance of Payments (BOP), 2020 M01",BOP_2020M1,IMF,,
DS-BOP_2020M10,1.0,IMF,true,http://www.SDMX.org/resources/SDMXML/schemas/v2_0/structure,en,"Balance of Payments (BOP), 2020 M10",BOP_2020M10,IMF,,
DS-BOP_2020M11,1.0,IMF,true,http://www.SDMX.org/resources/SDMXML/schemas/v2_0/structure,en,"Balance of Payments (BOP), 2020 M11",BOP_2020M11,IMF,,
DS-BOP_2020M12,1.0,IMF,true,http://www.SDMX.org/resources/SDMXML/schemas/v2_0/structure,en,"Balance of Payments (BOP), 2020 M12",BOP_2020M12,IMF,,
DS-BOP_2020M2,1.0,IMF,true,http://www.SDMX.org/resources/SDMXML/schemas/v2_0/structure,en,"Balance of Payments (BOP), 2020 M02",BOP_2020M2,IMF,,
DS-BOP_2020M3,1.0,IMF,true,http://www.SDMX.org/resources/SDMXML/schemas/v2_0/structure,en,"Balance of Payments (BOP), 2020 M03",BOP_2020M3,IMF,,
DS-BOP_2021M01,1.0,IMF,true,http://www.SDMX.org/resources/SDMXML/schemas/v2_0/structure,en,"Balance of Payments (BOP), 2021 M01",BOP_2021M01,IMF,,
DS-BOP_2021M03,1.0,IMF,true,http://www.SDMX.org/resources/SDMXML/schemas/v2_0/structure,en,"Balance of Payments (BOP), 2021 M03",BOP_2021M03,IMF,,
DS-BOP_2021M04,1.0,IMF,true,http://www.SDMX.org/resources/SDMXML/schemas/v2_0/structure,en,"Balance of Payments (BOP), 2021 M04",BOP_2021M04,IMF,,
DS-BOP_2021M05,1.0,IMF,true,http://www.SDMX.org/resources/SDMXML/schemas/v2_0/structure,en,"Balance of Payments (BOP), 2021 M05",BOP_2021M05,IMF,,
DS-CDIS,1.0,IMF,true,http://www.SDMX.org/resources/SDMXML/schemas/v2_0/structure,en,Coordinated Direct Investment Survey (CDIS),CDIS,IMF,,
DS-COFER,1.0,IMF,true,http://www.SDMX.org/resources/SDMXML/schemas/v2_0/structure,en,Currency Composition of Official Foreign Exchange Reserves (COFER),COFER,IMF,,
DS-CPI,1.0,IMF,true,http://www.SDMX.org/resources/SDMXML/schemas/v2_0/structure,en,Consumer Price Index (CPI),CPI,IMF,,
DS-CPIS,1.0,IMF,true,http://www.SDMX.org/resources/SDMXML/schemas/v2_0/structure,en,Coordinated Portfolio Investment Survey (CPIS),CPIS,IMF,,
DS-DOT,1.0,IMF,true,http://www.SDMX.org/resources/SDMXML/schemas/v2_0/structure,en,Direction of Trade Statistics (DOTS),DOT,IMF,,
DS-DOT_2017Q1,1.0,IMF,true,http://www.SDMX.org/resources/SDMXML/schemas/v2_0/structure,en,"Direction of Trade Statistics (DOTS), 2017 Q1",DOT_2017Q1,IMF,,
DS-DOT_2017Q2,1.0,IMF,true,http://www.SDMX.org/resources/SDMXML/schemas/v2_0/structure,en,"Direction of Trade Statistics (DOTS), 2017 Q2",DOT_2017Q2,IMF,,
DS-DOT_2017Q3,1.0,IMF,true,http://www.SDMX.org/resources/SDMXML/schemas/v2_0/structure,en,"Direction of Trade Statistics (DOTS), 2017 Q3",DOT_2017Q3,IMF,,
DS-DOT_2017Q4,1.0,IMF,true,http://www.SDMX.org/resources/SDMXML/schemas/v2_0/structure,en,"Direction of Trade Statistics (DOTS), 2017 Q4",DOT_2017Q4,IMF,,
DS-DOT_2018Q1,1.0,IMF,true,http://www.SDMX.org/resources/SDMXML/schemas/v2_0/structure,en,"Direction of Trade Statistics (DOTS), 2018 Q1",DOT_2018Q1,IMF,,
DS-DOT_2018Q2,1.0,IMF,true,http://www.SDMX.org/resources/SDMXML/schemas/v2_0/structure,en,"Direction of Trade Statistics (DOTS), 2018 Q2",DOT_2018Q2,IMF,,
DS-DOT_2018Q3,1.0,IMF,true,http://www.SDMX.org/resources/SDMXML/schemas/v2_0/structure,en,"Direction of Trade Statistics (DOTS), 2018 Q3",DOT_2018Q3,IMF,,
DS-DOT_2018Q4,1.0,IMF,true,http://www.SDMX.org/resources/SDMXML/schemas/v2_0/structure,en,"Direction of Trade Statistics (DOTS), 2018 Q4",DOT_2018Q4,IMF,,
DS-DOT_2019Q1,1.0,IMF,true,http://www.SDMX.org/resources/SDMXML/schemas/v2_0/structure,en,"Direction of Trade Statistics (DOTS), 2019 Q1",DOT_2019Q1,IMF,,
DS-DOT_2019Q2,1.0,IMF,true,http://www.SDMX.org/resources/SDMXML/schemas/v2_0/structure,en,"Direction of Trade Statistics (DOTS), 2019 Q2",DOT_2019Q2,IMF,,
DS-DOT_2019Q3,1.0,IMF,true,http://www.SDMX.org/resources/SDMXML/schemas/v2_0/structure,en,"Direction of Trade Statistics (DOTS), 2019 Q3",DOT_2019Q3,IMF,,
DS-DOT_2019Q4,1.0,IMF,true,http://www.SDMX.org/resources/SDMXML/schemas/v2_0/structure,en,"Direction of Trade Statistics (DOTS), 2019 Q4",DOT_2019Q4,IMF,,
DS-DOT_2020Q1,1.0,IMF,true,http://www.SDMX.org/resources/SDMXML/schemas/v2_0/structure,en,"Direction of Trade Statistics (DOTS), 2020 Q1",DOT_2020Q1,IMF,,
DS-DOT_2020Q2,1.0,IMF,true,http://www.SDMX.org/resources/SDMXML/schemas/v2_0/structure,en,"Direction of Trade Statistics (DOTS), 2020 Q2",DOT_2020Q2,IMF,,
DS-DOT_2020Q3,1.0,IMF,true,http://www.SDMX.org/resources/SDMXML/schemas/v2_0/structure,en,"Direction of Trade Statistics (DOTS), 2020 Q3",DOT_2020Q3,IMF,,
DS-DOT_2020Q4,1.0,IMF,true,http://www.SDMX.org/resources/SDMXML/schemas/v2_0/structure,en,"Direction of Trade Statistics (DOTS), 2020 Q4",DOT_2020Q4,IMF,,
DS-DOT_2021Q1,1.0,IMF,true,http://www.SDMX.org/resources/SDMXML/schemas/v2_0/structure,en,"Direction of Trade Statistics (DOTS), 2021 Q1",DOT_2021Q1,IMF,,
DS-ED,1.0,IMF,true,http://www.SDMX.org/resources/SDMXML/schemas/v2_0/structure,en,Export Diversification,ED,IMF,,
DS-EQ,1.0,IMF,true,http://www.SDMX.org/resources/SDMXML/schemas/v2_0/structure,en,Export Quality,EQ,IMF,,
DS-FAS,1.0,IMF,true,http://www.SDMX.org/resources/SDMXML/schemas/v2_0/structure,en,Financial Access Survey (FAS),FAS,IMF,,
DS-FAS_2015,1.0,IMF,true,http://www.SDMX.org/resources/SDMXML/schemas/v2_0/structure,en,"Financial Access Survey (FAS), 2015",FAS_2015,IMF,,
DS-FAS_2016,1.0,IMF,true,http://www.SDMX.org/resources/SDMXML/schemas/v2_0/structure,en,"Financial Access Survey (FAS), 2016",FAS_2016,IMF,,
DS-FAS_2017,1.0,IMF,true,http://www.SDMX.org/resources/SDMXML/schemas/v2_0/structure,en,"Financial Access Survey (FAS), 2017",FAS_2017,IMF,,
DS-FAS_2018,1.0,IMF,true,http://www.SDMX.org/resources/SDMXML/schemas/v2_0/structure,en,"Financial Access Survey (FAS), 2018",FAS_2018,IMF,en,"including data from deleted indicators. Archvied May 07, 2019"
DS-FDI,1.0,IMF,true,http://www.SDMX.org/resources/SDMXML/schemas/v2_0/structure,en,Financial Development Index,FDI,IMF,,
DS-FISCALDECENTRALIZATION,1.0,IMF,true,http://www.SDMX.org/resources/SDMXML/schemas/v2_0/structure,en,Fiscal Decentralization,FISCALDECENTRALIZATION,IMF,,
DS-FM,1.0,IMF,true,http://www.SDMX.org/resources/SDMXML/schemas/v2_0/structure,en,Fiscal Monitor (FM),FM,IMF,,
DS-FM201410,1.0,IMF,true,http://www.SDMX.org/resources/SDMXML/schemas/v2_0/structure,en,Fiscal Monitor (FM) October 2014,FM201410,IMF,,
DS-FM201504,1.0,IMF,true,http://www.SDMX.org/resources/SDMXML/schemas/v2_0/structure,en,Fiscal Monitor (FM) April 2015,FM201504,IMF,,
DS-FM201510,1.0,IMF,true,http://www.SDMX.org/resources/SDMXML/schemas/v2_0/structure,en,Fiscal Monitor (FM) October 2015,FM201510,IMF,,
DS-FM201604,1.0,IMF,true,http://www.SDMX.org/resources/SDMXML/schemas/v2_0/structure,en,Fiscal Monitor (FM) April 2016,FM201604,IMF,,
DS-FM201610,1.0,IMF,true,http://www.SDMX.org/resources/SDMXML/schemas/v2_0/structure,en,Fiscal Monitor (FM) October 2016,FM201610,IMF,,
DS-FM201704,1.0,IMF,true,http://www.SDMX.org/resources/SDMXML/schemas/v2_0/structure,en,Fiscal Monitor (FM) April 2017,FM201704,IMF,,
DS-FM201710,1.0,IMF,true,http://www.SDMX.org/resources/SDMXML/schemas/v2_0/structure,en,Fiscal Monitor (FM) October 2017,FM201710,IMF,,
DS-FM201804,1.0,IMF,true,http://www.SDMX.org/resources/SDMXML/schemas/v2_0/structure,en,Fiscal Monitor (FM) April 2018,FM201804,IMF,,
DS-FM201810,1.0,IMF,true,http://www.SDMX.org/resources/SDMXML/schemas/v2_0/structure,en,Fiscal Monitor (FM) October 2018,FM201810,IMF,,
DS-FM201904,1.0,IMF,true,http://www.SDMX.org/resources/SDMXML/schemas/v2_0/structure,en,Fiscal Monitor (FM) April 2019,FM201904,IMF,,
DS-FM201910,1.0,IMF,true,http://www.SDMX.org/resources/SDMXML/schemas/v2_0/structure,en,Fiscal Monitor (FM) October 2019,FM201910,IMF,,
DS-FM202010,1.0,IMF,true,http://www.SDMX.org/resources/SDMXML/schemas/v2_0/structure,en,Fiscal Monitor (FM) October 2020,FM202010,IMF,,
DS-FSI,1.0,IMF,true,http://www.SDMX.org/resources/SDMXML/schemas/v2_0/structure,en,Financial Soundness Indicators (FSIs),FSI,IMF,,
DS-FSIRE,1.0,IMF,true,http://www.SDMX.org/resources/SDMXML/schemas/v2_0/structure,en,Financial Soundness Indicators: Reporting entities,FSIRE,IMF,,
DS-GENDER_BUDGETING,1.0,IMF,true,http://www.SDMX.org/resources/SDMXML/schemas/v2_0/structure,en,Gender Budgeting,GENDER_BUDGETING,IMF,,
DS-GENDER_EQUALITY,1.0,IMF,true,http://www.SDMX.org/resources/SDMXML/schemas/v2_0/structure,en,Gender Equality,GENDER_EQUALITY,IMF,,
DS-GFS01,1.0,IMF,true,http://www.SDMX.org/resources/SDMXML/schemas/v2_0/structure,en,Government Finance Statistics (GFS 2001),GFS01,IMF,,
DS-GFSCOFOG,1.0,IMF,true,http://www.SDMX.org/resources/SDMXML/schemas/v2_0/structure,en,"Government Finance Statistics (GFS), Expenditure by Function of Government (COFOG)",GFSCOFOG,IMF,,
DS-GFSCOFOG2015,1.0,IMF,true,http://www.SDMX.org/resources/SDMXML/schemas/v2_0/structure,en,"Government Finance Statistics Yearbook (GFSY 2015), Expenditure by Function of Government (COFOG)",GFSCOFOG2015,IMF,,
DS-GFSCOFOG2016,1.0,IMF,true,http://www.SDMX.org/resources/SDMXML/schemas/v2_0/structure,en,"Government Finance Statistics Yearbook (GFSY 2016), Expenditure by Function of Government (COFOG)",GFSCOFOG2016,IMF,,
DS-GFSCOFOG2017,1.0,IMF,true,http://www.SDMX.org/resources/SDMXML/schemas/v2_0/structure,en,"Government Finance Statistics Yearbook (GFSY 2017), Expenditure by Function of Government (COFOG)",GFSCOFOG2017,IMF,,
DS-GFSCOFOG2019,1.0,IMF,true,http://www.SDMX.org/resources/SDMXML/schemas/v2_0/structure,en,"Government Finance Statistics Yearbook (GFSY 2019), Expenditure by Function of Government (COFOG)",GFSCOFOG2019,IMF,,
DS-GFSE,1.0,IMF,true,http://www.SDMX.org/resources/SDMXML/schemas/v2_0/structure,en,"Government Finance Statistics (GFS), Expense",GFSE,IMF,,
DS-GFSE2015,1.0,IMF,true,http://www.SDMX.org/resources/SDMXML/schemas/v2_0/structure,en,"Government Finance Statistics Yearbook (GFSY 2015), Expense",GFSE2015,IMF,,
DS-GFSE2016,1.0,IMF,true,http://www.SDMX.org/resources/SDMXML/schemas/v2_0/structure,en,"Government Finance Statistics Yearbook (GFSY 2016), Expense",GFSE2016,IMF,,
DS-GFSE2017,1.0,IMF,true,http://www.SDMX.org/resources/SDMXML/schemas/v2_0/structure,en,"Government Finance Statistics Yearbook (GFSY 2017), Expense",GFSE2017,IMF,,
DS-GFSE2019,1.0,IMF,true,http://www.SDMX.org/resources/SDMXML/schemas/v2_0/structure,en,"Government Finance Statistics Yearbook (GFSY 2019), Expense",GFSE2019,IMF,,
DS-GFSFALCS,1.0,IMF,true,http://www.SDMX.org/resources/SDMXML/schemas/v2_0/structure,en,"Government Finance Statistics (GFS), Financial Assets and Liabilities by Counterpart Sector",GFSFALCS,IMF,,
DS-GFSFALCS2015,1.0,IMF,true,http://www.SDMX.org/resources/SDMXML/schemas/v2_0/structure,en,"Government Finance Statistics Yearbook (GFSY 2015), Financial Assets and Liabilities by Counterpart Sector",GFSFALCS2015,IMF,,
DS-GFSFALCS2016,1.0,IMF,true,http://www.SDMX.org/resources/SDMXML/schemas/v2_0/structure,en,"Government Finance Statistics Yearbook (GFSY 2016), Financial Assets and Liabilities by Counterpart Sector",GFSFALCS2016,IMF,,
DS-GFSFALCS2017,1.0,IMF,true,http://www.SDMX.org/resources/SDMXML/schemas/v2_0/structure,en,"Government Finance Statistics Yearbook (GFSY 2017), Financial Assets and Liabilities by Counterpart Sector",GFSFALCS2017,IMF,,
DS-GFSFALCS2019,1.0,IMF,true,http://www.SDMX.org/resources/SDMXML/schemas/v2_0/structure,en,"Government Finance Statistics Yearbook (GFSY 2019), Financial Assets and Liabilities by Counterpart Sector",GFSFALCS2019,IMF,,
DS-GFSIBS,1.0,IMF,true,http://www.SDMX.org/resources/SDMXML/schemas/v2_0/structure,en,"Government Finance Statistics (GFS), Integrated Balance Sheet (Stock Positions and Flows in Assets and Liabilities)",GFSIBS,IMF,,
DS-GFSIBS2015,1.0,IMF,true,http://www.SDMX.org/resources/SDMXML/schemas/v2_0/structure,en,"Government Finance Statistics Yearbook (GFSY 2015), Integrated Balance Sheet (Stock Positions and Flows in Assets and Liabilities)",GFSIBS2015,IMF,,
DS-GFSIBS2016,1.0,IMF,true,http://www.SDMX.org/resources/SDMXML/schemas/v2_0/structure,en,"Government Finance Statistics Yearbook (GFSY 2016), Integrated Balance Sheet (Stock Positions and Flows in Assets and Liabilities)",GFSIBS2016,IMF,,
DS-GFSIBS2017,1.0,IMF,true,http://www.SDMX.org/resources/SDMXML/schemas/v2_0/structure,en,"Government Finance Statistics Yearbook (GFSY 2017), Integrated Balance Sheet (Stock Positions and Flows in Assets and Liabilities)",GFSIBS2017,IMF,,
DS-GFSIBS2019,1.0,IMF,true,http://www.SDMX.org/resources/SDMXML/schemas/v2_0/structure,en,"Government Finance Statistics Yearbook (GFSY 2019), Integrated Balance Sheet (Stock Positions and Flows in Assets and Liabilities)",GFSIBS2019,IMF,,
DS-GFSMAB,1.0,IMF,true,http://www.SDMX.org/resources/SDMXML/schemas/v2_0/structure,en,"Government Finance Statistics (GFS), Main Aggregates and Balances",GFSMAB,IMF,,
DS-GFSMAB2015,1.0,IMF,true,http://www.SDMX.org/resources/SDMXML/schemas/v2_0/structure,en,"Government Finance Statistics Yearbook (GFSY 2015), Main Aggregates and Balances",GFSMAB2015,IMF,,
DS-GFSMAB2016,1.0,IMF,true,http://www.SDMX.org/resources/SDMXML/schemas/v2_0/structure,en,"Government Finance Statistics Yearbook (GFSY 2016), Main Aggregates and Balances",GFSMAB2016,IMF,,
DS-GFSMAB2017,1.0,IMF,true,http://www.SDMX.org/resources/SDMXML/schemas/v2_0/structure,en,"Government Finance Statistics Yearbook (GFSY 2017), Main Aggregates and Balances",GFSMAB2017,IMF,,
DS-GFSMAB2019,1.0,IMF,true,http://www.SDMX.org/resources/SDMXML/schemas/v2_0/structure,en,"Government Finance Statistics Yearbook (GFSY 2019), Main Aggregates and Balances",GFSMAB2019,IMF,,
DS-GFSR,1.0,IMF,true,http://www.SDMX.org/resources/SDMXML/schemas/v2_0/structure,en,"Government Finance Statistics (GFS), Revenue",GFSR,IMF,,
DS-GFSR2015,1.0,IMF,true,http://www.SDMX.org/resources/SDMXML/schemas/v2_0/structure,en,"Government Finance Statistics Yearbook (GFSY 2015), Revenue",GFSR2015,IMF,,
DS-GFSR2016,1.0,IMF,true,http://www.SDMX.org/resources/SDMXML/schemas/v2_0/structure,en,"Government Finance Statistics Yearbook (GFSY 2016), Revenue",GFSR2016,IMF,,
DS-GFSR2017,1.0,IMF,true,http://www.SDMX.org/resources/SDMXML/schemas/v2_0/structure,en,"Government Finance Statistics Yearbook (GFSY 2017), Revenue",GFSR2017,IMF,,
DS-GFSR2019,1.0,IMF,true,http://www.SDMX.org/resources/SDMXML/schemas/v2_0/structure,en,"Government Finance Statistics Yearbook (GFSY 2019), Revenue",GFSR2019,IMF,,
DS-GFSSSUC,1.0,IMF,true,http://www.SDMX.org/resources/SDMXML/schemas/v2_0/structure,en,"Government Finance Statistics (GFS), Statement of Sources and Uses of Cash",GFSSSUC,IMF,,
DS-GFSSSUC2015,1.0,IMF,true,http://www.SDMX.org/resources/SDMXML/schemas/v2_0/structure,en,"Government Finance Statistics Yearbook (GFSY 2015), Statement of Sources and Uses of Cash",GFSSSUC2015,IMF,,
DS-GFSSSUC2016,1.0,IMF,true,http://www.SDMX.org/resources/SDMXML/schemas/v2_0/structure,en,"Government Finance Statistics Yearbook (GFSY 2016), Statement of Sources and Uses of Cash",GFSSSUC2016,IMF,,
DS-GFSSSUC2017,1.0,IMF,true,http://www.SDMX.org/resources/SDMXML/schemas/v2_0/structure,en,"Government Finance Statistics Yearbook (GFSY 2017), Statement of Sources and Uses of Cash",GFSSSUC2017,IMF,,
DS-GFSSSUC2019,1.0,IMF,true,http://www.SDMX.org/resources/SDMXML/schemas/v2_0/structure,en,"Government Finance Statistics Yearbook (GFSY 2019), Statement of Sources and Uses of Cash",GFSSSUC2019,IMF,,
DS-GFSYCOFOG2014,1.0,IMF,true,http://www.SDMX.org/resources/SDMXML/schemas/v2_0/structure,en,"Government Finance Statistics Yearbook (GFSY 2014), Expenditure by Function of Government (COFOG)",GFSYCOFOG2014,IMF,,
DS-GFSYE2014,1.0,IMF,true,http://www.SDMX.org/resources/SDMXML/schemas/v2_0/structure,en,"Government Finance Statistics Yearbook (GFSY 2014), Expense",GFSYE2014,IMF,,
DS-GFSYFALCS2014,1.0,IMF,true,http://www.SDMX.org/resources/SDMXML/schemas/v2_0/structure,en,"Government Finance Statistics Yearbook (GFSY 2014), Financial Assets and Liabilities by Counterpart Sector",GFSYFALCS2014,IMF,,
DS-GFSYIBS2014,1.0,IMF,true,http://www.SDMX.org/resources/SDMXML/schemas/v2_0/structure,en,"Government Finance Statistics Yearbook (GFSY 2014), Integrated Balance Sheet (Stock Positions and Flows in Assets and Liabilities)",GFSYIBS2014,IMF,,
DS-GFSYMAB2014,1.0,IMF,true,http://www.SDMX.org/resources/SDMXML/schemas/v2_0/structure,en,"Government Finance Statistics Yearbook (GFSY 2014), Main Aggregates and Balances",GFSYMAB2014,IMF,,
DS-GFSYR2014,1.0,IMF,true,http://www.SDMX.org/resources/SDMXML/schemas/v2_0/structure,en,"Government Finance Statistics Yearbook (GFSY 2014), Revenue",GFSYR2014,IMF,,
DS-GFSYSSUC2014,1.0,IMF,true,http://www.SDMX.org/resources/SDMXML/schemas/v2_0/structure,en,"Government Finance Statistics Yearbook (GFSY 2014), Statement of Sources and Uses of Cash",GFSYSSUC2014,IMF,,
DS-HPDD,1.0,IMF,true,http://www.SDMX.org/resources/SDMXML/schemas/v2_0/structure,en,Historical Public Debt (HPDD),HPDD,IMF,,
DS-IFS,1.0,IMF,true,http://www.SDMX.org/resources/SDMXML/schemas/v2_0/structure,en,International Financial Statistics (IFS),IFS,IMF,,
DS-IFS_2017M08,1.0,IMF,true,http://www.SDMX.org/resources/SDMXML/schemas/v2_0/structure,en,"International Financial Statistics (IFS), 2017 M08",IFS_2017M08,IMF,,
DS-IFS_2017M09,1.0,IMF,true,http://www.SDMX.org/resources/SDMXML/schemas/v2_0/structure,en,"International Financial Statistics (IFS), 2017 M09",IFS_2017M09,IMF,,
DS-IFS_2017M10,1.0,IMF,true,http://www.SDMX.org/resources/SDMXML/schemas/v2_0/structure,en,"International Financial Statistics (IFS), 2017 M10",IFS_2017M10,IMF,,
DS-IFS_2017M11,1.0,IMF,true,http://www.SDMX.org/resources/SDMXML/schemas/v2_0/structure,en,"International Financial Statistics (IFS), 2017 M11",IFS_2017M11,IMF,,
DS-IFS_2017M12,1.0,IMF,true,http://www.SDMX.org/resources/SDMXML/schemas/v2_0/structure,en,"International Financial Statistics (IFS), 2017 M12",IFS_2017M12,IMF,,
DS-IFS_2018M01,1.0,IMF,true,http://www.SDMX.org/resources/SDMXML/schemas/v2_0/structure,en,"International Financial Statistics (IFS), 2018 M01",IFS_2018M01,IMF,,
DS-IFS_2018M02,1.0,IMF,true,http://www.SDMX.org/resources/SDMXML/schemas/v2_0/structure,en,"International Financial Statistics (IFS), 2018 M02",IFS_2018M02,IMF,,
DS-IFS_2018M03,1.0,IMF,true,http://www.SDMX.org/resources/SDMXML/schemas/v2_0/structure,en,"International Financial Statistics (IFS), 2018 M03",IFS_2018M03,IMF,,
DS-IFS_2018M04,1.0,IMF,true,http://www.SDMX.org/resources/SDMXML/schemas/v2_0/structure,en,"International Financial Statistics (IFS), 2018 M04",IFS_2018M04,IMF,,
DS-IFS_2018M05,1.0,IMF,true,http://www.SDMX.org/resources/SDMXML/schemas/v2_0/structure,en,"International Financial Statistics (IFS), 2018 M05 ",IFS_2018M05,IMF,,
DS-IFS_2018M06,1.0,IMF,true,http://www.SDMX.org/resources/SDMXML/schemas/v2_0/structure,en,"International Financial Statistics (IFS), 2018 M06",IFS_2018M06,IMF,,
DS-IFS_2018M07,1.0,IMF,true,http://www.SDMX.org/resources/SDMXML/schemas/v2_0/structure,en,"International Financial Statistics (IFS), 2018 M07",IFS_2018M07,IMF,,
DS-IFS_2018M08,1.0,IMF,true,http://www.SDMX.org/resources/SDMXML/schemas/v2_0/structure,en,"International Financial Statistics (IFS), 2018 M08",IFS_2018M08,IMF,,
DS-IFS_2018M09,1.0,IMF,true,http://www.SDMX.org/resources/SDMXML/schemas/v2_0/structure,en,"International Financial Statistics (IFS), 2018 M09",IFS_2018M09,IMF,,
DS-IFS_2018M10,1.0,IMF,true,http://www.SDMX.org/resources/SDMXML/schemas/v2_0/structure,en,"International Financial Statistics (IFS), 2018 M10",IFS_2018M10,IMF,,
DS-IFS_2018M11,1.0,IMF,true,http://www.SDMX.org/resources/SDMXML/schemas/v2_0/structure,en,"International Financial Statistics (IFS), 2018 M11",IFS_2018M11,IMF,,
DS-IFS_2018M12,1.0,IMF,true,http://www.SDMX.org/resources/SDMXML/schemas/v2_0/structure,en,"International Financial Statistics (IFS), 2018 M12",IFS_2018M12,IMF,,
DS-IFS_2019M01,1.0,IMF,true,http://www.SDMX.org/resources/SDMXML/schemas/v2_0/structure,en,"International Financial Statistics (IFS), 2019 M01",IFS_2019M01,IMF,,
DS-IFS_2019M02,1.0,IMF,true,http://www.SDMX.org/resources/SDMXML/schemas/v2_0/structure,en,"International Financial Statistics (IFS), 2019 M02",IFS_2019M02,IMF,,
DS-IFS_2019M03,1.0,IMF,true,http://www.SDMX.org/resources/SDMXML/schemas/v2_0/structure,en,"International Financial Statistics (IFS), 2019 M03",IFS_2019M03,IMF,,
DS-IFS_2019M04,1.0,IMF,true,http://www.SDMX.org/resources/SDMXML/schemas/v2_0/structure,en,"International Financial Statistics (IFS), 2019 M04",IFS_2019M04,IMF,,
DS-IFS_2019M05,1.0,IMF,true,http://www.SDMX.org/resources/SDMXML/schemas/v2_0/structure,en,"International Financial Statistics (IFS), 2019 M05",IFS_2019M05,IMF,,
DS-IFS_2019M06,1.0,IMF,true,http://www.SDMX.org/resources/SDMXML/schemas/v2_0/structure,en,"International Financial Statistics (IFS), 2019 M06",IFS_2019M06,IMF,,
DS-IFS_2019M07,1.0,IMF,true,http://www.SDMX.org/resources/SDMXML/schemas/v2_0/structure,en,"International Financial Statistics (IFS), 2019 M07",IFS_2019M07,IMF,,
DS-IFS_2019M08,1.0,IMF,true,http://www.SDMX.org/resources/SDMXML/schemas/v2_0/structure,en,"International Financial Statistics (IFS), 2019 M08",IFS_2019M08,IMF,,
DS-IFS_2019M09,1.0,IMF,true,http://www.SDMX.org/resources/SDMXML/schemas/v2_0/structure,en,"International Financial Statistics (IFS), 2019 M09",IFS_2019M09,IMF,,
DS-IFS_2019M10,1.0,IMF,true,http://www.SDMX.org/resources/SDMXML/schemas/v2_0/structure,en,"International Financial Statistics (IFS), 2019 M10",IFS_2019M10,IMF,,
DS-IFS_2019M11,1.0,IMF,true,http://www.SDMX.org/resources/SDMXML/schemas/v2_0/structure,en,"International Financial Statistics (IFS), 2019 M11",IFS_2019M11,IMF,,
DS-IFS_2019M12,1.0,IMF,true,http://www.SDMX.org/resources/SDMXML/schemas/v2_0/structure,en,"International Financial Statistics (IFS), 2019 M12",IFS_2019M12,IMF,,
DS-IFS_2020M01,1.0,IMF,true,http://www.SDMX.org/resources/SDMXML/schemas/v2_0/structure,en,"International Financial Statistics (IFS), 2020 M01",IFS_2020M01,IMF,,
DS-IFS_2020M02,1.0,IMF,true,http://www.SDMX.org/resources/SDMXML/schemas/v2_0/structure,en,"International Financial Statistics (IFS), 2020 M02",IFS_2020M02,IMF,,
DS-IFS_2020M03,1.0,IMF,true,http://www.SDMX.org/resources/SDMXML/schemas/v2_0/structure,en,"International Financial Statistics (IFS), 2020 M03",IFS_2020M03,IMF,,
DS-IFS_2020M04,1.0,IMF,true,http://www.SDMX.org/resources/SDMXML/schemas/v2_0/structure,en,"International Financial Statistics (IFS), 2020 M04",IFS_2020M04,IMF,,
DS-IFS_2020M05,1.0,IMF,true,http://www.SDMX.org/resources/SDMXML/schemas/v2_0/structure,en,"International Financial Statistics (IFS), 2020 M05",IFS_2020M05,IMF,,
DS-IFS_2020M06,1.0,IMF,true,http://www.SDMX.org/resources/SDMXML/schemas/v2_0/structure,en,"International Financial Statistics (IFS), 2020 M06",IFS_2020M06,IMF,,
DS-IFS_2020M07,1.0,IMF,true,http://www.SDMX.org/resources/SDMXML/schemas/v2_0/structure,en,"International Financial Statistics (IFS), 2020 M07",IFS_2020M07,IMF,,
DS-IFS_2020M08,1.0,IMF,true,http://www.SDMX.org/resources/SDMXML/schemas/v2_0/structure,en,"International Financial Statistics (IFS), 2020 M08",IFS_2020M08,IMF,,
DS-IFS_2020M09,1.0,IMF,true,http://www.SDMX.org/resources/SDMXML/schemas/v2_0/structure,en,"International Financial Statistics (IFS), 2020 M09",IFS_2020M09,IMF,,
DS-IFS_2020M10,1.0,IMF,true,http://www.SDMX.org/resources/SDMXML/schemas/v2_0/structure,en,"International Financial Statistics (IFS), 2020 M10",IFS_2020M10,IMF,,
DS-IFS_2020M11,1.0,IMF,true,http://www.SDMX.org/resources/SDMXML/schemas/v2_0/structure,en,"International Financial Statistics (IFS), 2020 M11",IFS_2020M11,IMF,,
DS-IFS_2020M12,1.0,IMF,true,http://www.SDMX.org/resources/SDMXML/schemas/v2_0/structure,en,"International Financial Statistics (IFS), 2020 M12",IFS_2020M12,IMF,,
DS-IFS_2021M01,1.0,IMF,true,http://www.SDMX.org/resources/SDMXML/schemas/v2_0/structure,en,"International Financial Statistics (IFS), 2021 M01",IFS_2021M01,IMF,,
DS-IFS_2021M02,1.0,IMF,true,http://www.SDMX.org/resources/SDMXML/schemas/v2_0/structure,en,"International Financial Statistics (IFS), 2021 M02",IFS_2021M02,IMF,,
DS-IFS_2021M03,1.0,IMF,true,http://www.SDMX.org/resources/SDMXML/schemas/v2_0/structure,en,"International Financial Statistics (IFS), 2021 M03",IFS_2021M03,IMF,,
DS-IFS_2021M04,1.0,IMF,true,http://www.SDMX.org/resources/SDMXML/schemas/v2_0/structure,en,"International Financial Statistics (IFS), 2021 M04",IFS_2021M04,IMF,,
DS-IFS_2021M05,1.0,IMF,true,http://www.SDMX.org/resources/SDMXML/schemas/v2_0/structure,en,"International Financial Statistics (IFS), 2021 M05",IFS_2021M05,IMF,,
DS-IFS_DISCONTINUED,1.0,IMF,true,http://www.SDMX.org/resources/SDMXML/schemas/v2_0/structure,en,"International Financial Statistics (IFS), Discontinued Series",IFS_DISCONTINUED,IMF,,
DS-IRFCL,1.0,IMF,true,http://www.SDMX.org/resources/SDMXML/schemas/v2_0/structure,en,International Reserves and Foreign Currency Liquidity (IRFCL),IRFCL,IMF,,
DS-MCDREO,1.0,IMF,true,http://www.SDMX.org/resources/SDMXML/schemas/v2_0/structure,en,Middle East and Central Asia Regional Economic Outlook (MCDREO),MCDREO,IMF,,
DS-MCDREO201410,1.0,IMF,true,http://www.SDMX.org/resources/SDMXML/schemas/v2_0/structure,en,MCD Regional Economic Outlook October 2014,MCDREO201410,IMF,,
DS-MCDREO201501,1.0,IMF,true,http://www.SDMX.org/resources/SDMXML/schemas/v2_0/structure,en,MCD Regional Economic Outlook January 2015,MCDREO201501,IMF,,
DS-MCDREO201505,1.0,IMF,true,http://www.SDMX.org/resources/SDMXML/schemas/v2_0/structure,en,MCD Regional Economic Outlook May 2015,MCDREO201505,IMF,,
DS-MCDREO201510,1.0,IMF,true,http://www.SDMX.org/resources/SDMXML/schemas/v2_0/structure,en,MCD Regional Economic Outlook (MCDREO) October 2015,MCDREO201510,IMF,,
DS-MCDREO201604,1.0,IMF,true,http://www.SDMX.org/resources/SDMXML/schemas/v2_0/structure,en,MCD Regional Economic Outlook (MCDREO) April 2016,MCDREO201604,IMF,,
DS-MCDREO201610,1.0,IMF,true,http://www.SDMX.org/resources/SDMXML/schemas/v2_0/structure,en,MCD Regional Economic Outlook (MCDREO) October 2016,MCDREO201610,IMF,,
DS-MCDREO201705,1.0,IMF,true,http://www.SDMX.org/resources/SDMXML/schemas/v2_0/structure,en,MCD Regional Economic Outlook (MCDREO) May 2017,MCDREO201705,IMF,,
DS-MCDREO201710,1.0,IMF,true,http://www.SDMX.org/resources/SDMXML/schemas/v2_0/structure,en,MCD Regional Economic Outlook (MCDREO) October 2017,MCDREO201710,IMF,,
DS-MCDREO201805,1.0,IMF,true,http://www.SDMX.org/resources/SDMXML/schemas/v2_0/structure,en,MCD Regional Economic Outlook (MCDREO) May 2018,MCDREO201805,IMF,,
DS-MCDREO201810,1.0,IMF,true,http://www.SDMX.org/resources/SDMXML/schemas/v2_0/structure,en,MCD Regional Economic Outlook (MCDREO) October 2018,MCDREO201810,IMF,,
DS-MCDREO201905,1.0,IMF,true,http://www.SDMX.org/resources/SDMXML/schemas/v2_0/structure,en,MCD Regional Economic Outlook (MCDREO) May 2019,MCDREO201905,IMF,,
DS-MCDREO201910,1.0,IMF,true,http://www.SDMX.org/resources/SDMXML/schemas/v2_0/structure,en,MCD Regional Economic Outlook (MCDREO) October 2019,MCDREO201910,IMF,,
DS-MFS,1.0,IMF,true,http://www.SDMX.org/resources/SDMXML/schemas/v2_0/structure,en,Monetary and Financial Statistics (MFS),MFS,IMF,en,MFS data from IFS External Publication - for EDD MFS Bulk Download
DS-NAMAIN_IDC_N,1.0,IMF,true,http://www.SDMX.org/resources/SDMXML/schemas/v2_0/structure,en,"System of National Accounts (SNA), NA_MAIN",NAMAIN_IDC_N,IMF,,
DS-PCPS,1.0,IMF,true,http://www.SDMX.org/resources/SDMXML/schemas/v2_0/structure,en,Primary Commodity Price System (PCPS),PCPS,IMF,,
DS-PCTOT,1.0,IMF,true,http://www.SDMX.org/resources/SDMXML/schemas/v2_0/structure,en,Commodity Terms of Trade,PCTOT,IMF,,
DS-PGCS,1.0,IMF,true,http://www.SDMX.org/resources/SDMXML/schemas/v2_0/structure,en,Private and Public Capital Stock Dataset,PGCS,IMF,en,Private and Public Capital Stock Dataset - EDD query tool
DS-PSBSFAD,1.0,IMF,true,http://www.SDMX.org/resources/SDMXML/schemas/v2_0/structure,en,Public Sector Balance Sheet (PSBS)(FAD),PSBSFAD,IMF,,
DS-RAFIT2AGG,1.0,IMF,true,http://www.SDMX.org/resources/SDMXML/schemas/v2_0/structure,en,Revenue Administration Fiscal Information Tool (RA-FIT) Round 2 Aggregates,RAFIT2AGG,IMF,en,Summary Statistics
DS-RAFIT3P,1.0,IMF,true,http://www.SDMX.org/resources/SDMXML/schemas/v2_0/structure,en,RA-FIT Round3 Completion and Participation Rates,RAFIT3P,IMF,en,RA FIT Round 3 Completion and Participation Rates
DS-UNSDG_IMF_INPUTS,1.0,IMF,true,http://www.SDMX.org/resources/SDMXML/schemas/v2_0/structure,en,"Sustainable Development Goals, IMF Inputs",UNSDG_IMF_INPUTS,IMF,,
DS-WHDREO,1.0,IMF,true,http://www.SDMX.org/resources/SDMXML/schemas/v2_0/structure,en,Western Hemisphere Regional Economic Outlook (WHDREO),WHDREO,IMF,,
DS-WHDREO201504,1.0,IMF,true,http://www.SDMX.org/resources/SDMXML/schemas/v2_0/structure,en,Western Hemisphere Regional Economic Outlook (WHDREO) April 2015,WHDREO201504,IMF,,
DS-WHDREO201510,1.0,IMF,true,http://www.SDMX.org/resources/SDMXML/schemas/v2_0/structure,en,Western Hemisphere Regional Economic Outlook (WHDREO) October 2015,WHDREO201510,IMF,,
DS-WHDREO201604,1.0,IMF,true,http://www.SDMX.org/resources/SDMXML/schemas/v2_0/structure,en,Western Hemisphere Regional Economic Outlook (WHDREO) April 2016,WHDREO201604,IMF,,
DS-WHDREO201610,1.0,IMF,true,http://www.SDMX.org/resources/SDMXML/schemas/v2_0/structure,en,Western Hemisphere Regional Economic Outlook (WHDREO) October 2016,WHDREO201610,IMF,,
DS-WHDREO201704,1.0,IMF,true,http://www.SDMX.org/resources/SDMXML/schemas/v2_0/structure,en,Western Hemisphere Regional Economic Outlook (WHDREO) April 2017,WHDREO201704,IMF,,
DS-WHDREO201710,1.0,IMF,true,http://www.SDMX.org/resources/SDMXML/schemas/v2_0/structure,en,Western Hemisphere Regional Economic Outlook (WHDREO) October 2017,WHDREO201710,IMF,,
DS-WHDREO201804,1.0,IMF,true,http://www.SDMX.org/resources/SDMXML/schemas/v2_0/structure,en,Western Hemisphere Regional Economic Outlook (WHDREO) April 2018,WHDREO201804,IMF,,
DS-WHDREO201810,1.0,IMF,true,http://www.SDMX.org/resources/SDMXML/schemas/v2_0/structure,en,Western Hemisphere Regional Economic Outlook (WHDREO) October 2018,WHDREO201810,IMF,,
DS-WHDREO201904,1.0,IMF,true,http://www.SDMX.org/resources/SDMXML/schemas/v2_0/structure,en,Western Hemisphere Regional Economic Outlook (WHDREO) April 2019,WHDREO201904,IMF,,
DS-WHDREO201910,1.0,IMF,true,http://www.SDMX.org/resources/SDMXML/schemas/v2_0/structure,en,Western Hemisphere Regional Economic Outlook (WHDREO) October 2019,WHDREO201910,IMF,,
DS-WHDREO202010,1.0,IMF,true,http://www.SDMX.org/resources/SDMXML/schemas/v2_0/structure,en,Western Hemisphere Regional Economic Outlook (WHDREO) October 2020,WHDREO202010,IMF,,
DS-WoRLD,1.0,IMF,true,http://www.SDMX.org/resources/SDMXML/schemas/v2_0/structure,en,World Revenue Longitudinal Data (WoRLD),WoRLD,IMF,,
